venue_xref_id,concept,city,country,start_of_day_offset
ea74268311cfcc47d2b4c38ef08b9dab0117226a9a99a9d89b7513f81fc00bed,FAST_FOOD,Albuquerque,US,00:00:00
e7cec41c46a9706ba1a702b368be5431913b6dc9c9da49352c3f59d177fa7d2e,FAMILY_DINING,Brooklyn,US,00:00:00
e63e79791883b0c4ac71d41eaee727932c13d6a4ec8f78e2f5ae33c1c44b902b,FAST_CASUAL,Windsor,CA,00:00:00
c100388c9328b30b6bdfbea43f113d367ae9d32b03e84b3b9e0d5bf6d9f45fd5,BAR,Burnaby,CA,01:00:00
a819ee7f83f27dd3d7f44515e22aca3c26e6704ddd2a9b7050b77e044b402219,FAMILY_DINING,Tisdale,CA,00:00:00
d5392e9b2bec5d2f44d2c45006adf978ad4b5cc87efae3db98f0f86e4715f219,FAMILY_DINING,CALGARY,CA,00:00:00
9c687ad060c36405ba3a7d55656166ca3f172497670be46bc5448e8e22e06897,CAFE,Edmonton,CA,00:00:00
5d44dc75edad78eee645c2156ed01fda581b443f0e9a679773c0f55dc8166e67,FAMILY_DINING,Windsor,CA,04:00:00
e41ed2e2589c30ab55c6730828a391f39ace76ef065a69d67eb77858b066c67f,FAST_FOOD,Worth Township,US,00:00:00
130bb96077586ec2f51b7f2dd70725526fe2a1717a3eaa8b0992953e7fd819fa,SPORTS_CLUB,Toronto,CA,00:00:00
79cf22060c5a293f42ad2ecdb3e19d054ee82f69d41eba120be60fa4baf01793,FAST_CASUAL,Payson,US,00:00:00
7e26bd47c9f8d9e7700ff1baf26dbc3f25bbee77115aa98a46d77260efecb48a,FAMILY_DINING,Toronto,CA,00:00:00
3dca62ef41328deadee621c08f8b38130903122eaa25a484b748752ade140d99,FAST_CASUAL,Victoria,CA,00:00:00
c657122dcc68f8695766a9d68159f7702075520d111597914090808c04309b5d,FAST_CASUAL,Hereford,US,00:00:00
a7293afb5a59415e54716df364361cfc17cbd298e126163149623036130121f7,CAFE,Brooklyn,US,00:00:00
394af19cfd921ddfd77827952a815b4d4ed5853da5198942abf4f3f22b84c917,CAFE,Ottawa,CA,00:00:00
860d7933b849659cd7f601b6347959d10f303e2a4dc57c1c333396cc9c8608e9,FAST_CASUAL,Surrey,CA,00:00:00
921fd71ad7d24a8f534282353bc33d3955ff382802db637b32db00217890088d,FAMILY_DINING,Cave Creek,US,00:00:00
6ba501a035db17bd76f4379d22146d404a92643f527c961c2e954bf652846385,FAMILY_DINING,Seattle,US,00:00:00
6a4d65d8ac11e9a04fd36823e5cda38c632a3821da3e0ee3089655dc6bc080da,,Caguas,US,00:00:00
671ba23464618969fbfa60c7afe05ce7f979892c1bbe0391f7a224e42e41ab16,BAR,Petty Harbour-Maddox Cove,CA,00:00:00
332b61b57ba7349e0bcfd5cd16be6a4077a8f41aad9935faff34bfa731370ad9,CAFE,Vancouver,CA,05:00:00
a2878993edc6756dfb6d4a016c56feb19ab68f7e88ffd97812d3933d750bec53,FAMILY_DINING,Brook,US,00:00:00
8d3ee6795498316741c942e928c1d7b2d58192f2a7eaff785933e60966f6fd89,FINE_DINING,Fredonia,US,02:00:00
24cd055ce60b795a70dccfb5576218f8749f315ac6d7cff77e4b099cc8cc1bd5,BREWERY,Halton Hills,CA,04:00:00
d350bd910d680b63bb1d3ca6c9d6993cc647c900bc394a3bb4785fb3608e914f,CAFE,Menomonie,US,00:00:00
e164d0bb1434514d5877dc7c727d81ae0175fe1a15bbe7e9f31432e1e88ecf48,FAMILY_DINING,Hialeah,US,17:00:00
8f1c78236187d96f58f102200a70efe5bce6222f40068976aeaffb81592e7405,FAST_CASUAL,Windsor,CA,00:00:00
38339633ae8ea8412203ab37420386dc3645e83ccb2bc96e50b6e8b83ebf6393,FAST_CASUAL,Union City,US,00:00:00
e2f0818ac8aa0501c4f58c79f34215b345e0e7055b9ce06119341089d61fa008,BAR,Omaha,US,11:00:00
8f4e37531bd6b1c8b3c72a25d6d03c20ad4a29afda72dc961bb8011995649fde,FAMILY_DINING,West Albany Township,US,02:00:00
2740c07925c27bc6e0ff7087060e7d822f5530fdc8d99237853500679d621bcb,BAR,Grand Rapids,US,00:00:00
6c4ddbba39d1529689be33c4769223b1194ba2dcb9e20f266d18face3279d00a,FAST_CASUAL,Vancouver,CA,00:00:00
e85b7c375459aaa2a2e45edec7d50f6f966c0b3c103d6d77458155c0a1e52b0d,FAMILY_DINING,La Salle,CA,05:00:00
11eaead6b5bb2097af3adedd0ab0391904fe2f004c01674713a402a301256f54,CAFE,Marion,US,00:00:00
57d1ec857c955b4b5ae8313778fcee23fa638a805ea920e95a70e94d78d84d84,,Niles Township,US,00:00:00
2acfbe28d9d69cf4aa0808dc8b28622f786700bda5cff46c427b8a07cc3bfa9e,BREWERY,Toronto,CA,04:00:00
1111f19207b8f4ffb76fcc6d85ebee648c59e1d855ac08886f5cae099e99fb54,FAMILY_DINING,Burnaby,CA,11:00:00
b6a9ae7ee685365be6b5d45dd1603a05f413ef39c94cbf8170d4f344a1675426,FAST_CASUAL,Ucluelet,CA,00:00:00
58c155bf4cb527fc685ed65c6002235b052a2d1ddac5eaf04c0c70025b16a181,CAFE,Ocean City,US,05:00:00
f3c5b444405e8086f51bdf6f5b75df3a6b6070d7b92c6038c6cf7ed17a223fc5,POP_UP,Columbus,US,00:00:00
0002a1cf14e9c1acaa8255fd6777d916d3aec6bc1f3c8a3d0a3a89a5eba87970,FAST_CASUAL,Ottawa,CA,10:00:00
3b26b048e5d84c63fd58ceccd2ce99f9b7590d91f9c5e0122ba7770b45933582,BAR,Ottawa,CA,06:00:00
c38fcbd1b472f52a1d4687f428f0eb24b9b75c76a6176f68012ee8cccfe95e14,BAR,Barrie,CA,04:00:00
dc6eba56defe26c4ddcd18ab33721c4f84175059edf522dcbee790699fb0dbf2,FAST_FOOD,Bristow,US,00:00:00
bf777d14a723476178fedeee7f7bb9eb7b9ef70b6992f700302631443f0296ec,FINE_DINING,Mississauga,CA,04:00:00
39573c2ecbe22a60fb3d3230213e01f515de878c629d248a0e0598aa411ac64e,CAFE,Porters Lake,CA,00:00:00
725e3238987609ec7af186faac1677b26870ebaba55a06779784915f2544b5fa,FAMILY_DINING,Thousand Oaks,US,00:00:00
8f4c6218a90b9c3fbf7c77d6b0242c3e9a40e907d5453d12c6e17b4f90c84a37,FAST_CASUAL,Rincon,US,00:00:00
7597592e5c03b7edddc71d4f88a880c8426e11681707c5a4f2508cf3b217f0ae,CAFE,Mississauga,CA,00:00:00
d0db72c3f3d4312febb1d0b5cd235220d58377de483b9f14b7a46abb00e0cc53,FAMILY_DINING,Prince George,CA,00:00:00
32a1370d696ca7ad926564d401ab0d3146cfa6ff9a603b12eef29e5a9d0979cc,FAMILY_DINING,Severn,CA,00:00:00
cd6923f889c627450cb6040a7d51b63b082baef28bc82709a659ca66fed7c69c,FAST_CASUAL,McAlester,US,00:00:00
4a2fb4530bc43fb68212bdf17a4df613ae478734f21496e3e50985f172fa2de3,FAST_CASUAL,Ottawa,CA,00:00:00
e77ba24aa6f1e64c723d49593327610fbd9c81e9d31e2d8e88caac7c0653d7fd,BAR,Toronto,CA,06:00:00
6624ca93365d01680c8109e2814f93107490f6d6f61454cf6b5e4e51873e8439,CAFE,Auburn,US,00:00:00
5ea38f5cc135fe4a1c35d02f23cb54d661834250ec5f44122aee758a92d4297a,CAFE,Hamilton,CA,06:00:00
aa615f5000881af1b1a7938c5b24196943286dadc6ef4b07811dbcc57486a5cf,FAMILY_DINING,Easton,US,00:00:00
ef3dd3aa8981b6626ff060397fa9086097152b09f0bb5ee36a0ba537a7309e8a,FINE_DINING,Ottawa,CA,05:00:00
bdb0abeb34f6a4766e12c9ded93934fc01f3620a7059ac94aa65bb3523cef3ee,FAMILY_DINING,Goodfield,US,00:00:00
34a48aa1abcf06ef49564441662b7b913061ef54c67b6bab726f24921f92e3da,BAR,Red Deer,CA,07:00:00
138c4c9a5ae1f9ffc53e24e3083b2514b5d9aa6b12467d60b62c8929816e189f,FAST_CASUAL,St. Catharines,CA,00:00:00
f93c7e70eeb0f8586e37f54f4c8863d16a64fe07932e86d9e082d071a2f2fa6a,FINE_DINING,Richboro,US,00:00:00
45fdd83e6cb82e8ddd8dab256d0d1d2bdfc04a12dc7410cdf1a4ec7c891a4173,BAR,Fairfield,US,02:00:00
8eaf6e19e637b68a48e029500c20e51c499ce566e4fc721b5a425150caca0388,FAMILY_DINING,Burlington,CA,00:00:00
3ce59e84971bc7e65e82559e90b01dbc96e5000411cb2748c35044baf5db753e,FAMILY_DINING,Victoria,CA,00:00:00
d708536983e28ac1e1e611ff6ddfb08934e42c0d6a8be827e15396ce15f7d1c5,BAR,Winnipeg,CA,10:00:00
e1d8ef8bc263b95d600479572787eb10915d9e37857a8b9aef55f952c6c146aa,CAFE,Toronto,CA,00:00:00
d48f7c3bc485ddd6333dc3ba6e65fe38d1887cd79ea41222d74430fbef89c312,FINE_DINING,Sevierville,US,00:00:00
f9b7214ee25dcca034227e1c869d5430dbc5b2a566ca4585bbfd16e8dbfd6b3b,FAMILY_DINING,Orange,US,01:00:00
69d02cbe3eea9cd723afe4632ba1a77fae8c5f51b5bf8e475200377c55cfd2be,FAMILY_DINING,Brewster,US,00:00:00
db50735c50a3ad8069c9940e9be077a833748ce2b124ea2b87ffc646376d8e0b,CAFE,Victoria,CA,00:00:00
3c5a0e6460177d012e070306ba429335066823de1e25aa1ffbd3df7966cacd81,CAFE,Denver,US,04:00:00
0eb6ac40fd0ac74ac2cefa97ce88a8522a9c9845e360cfef396b1e5730dad7d4,BREWERY,Dartmouth,CA,02:00:00
e53af6a024d8d771af7bb136d9a60ecf8ad75523ab2b2e666b38ec3ed759028e,FAMILY_DINING,Metairie,US,00:00:00
5bd5c7d50308bbaa5a5834ee7ebc8baf66659ef1d9a6f57b42a7f2ae945e6b18,FAST_FOOD,Warwick,US,00:00:00
60d4aba953959353c94b704d7a0423859f08379939b7fbfc25885096accc15d5,FAMILY_DINING,New York,US,03:00:00
780c963044467805bb850ba29188427a3428344fdd491604f23f87340933db2f,FAMILY_DINING,"Colorado City,",US,00:00:00
2c5f8c8ace73b43c34440e3abc82b0fe3ece68c7ac02657e335874a8b962215a,FAST_CASUAL,Ocoee,US,00:00:00
dd6499288e8200fb11db3981400db73371a49a97ea543d4cde7675e54eaff030,BAR,Guelph,CA,00:00:00
6b582eb2ecaef3c71313ec0d53e3b9e97f2b68517a57971a0458113e3130ecd9,CAFE,Toronto,CA,00:00:00
abc9f91be5b16b673b527fc797b4ce1504f81ea000d907d867c16655e2a507c7,,New York,US,08:00:00
d36253f2eb051f5fa395b94f7f4d7e08633b80d88e27002c14341e9ab3bb8b45,FAMILY_DINING,Toronto,CA,00:00:00
4b06b0aaa301e1017dfa4da7baaa6ab334f29bcb221164d55332ac91148dca56,,Dartmouth,CA,00:00:00
bf44ffd168cc862c74d0e349a790a4179fee1852cd122cdec0454745b61229c9,FAST_CASUAL,Fayetteville,US,00:00:00
6afc5202235f3b742e6482c94536ab8462f6022054eccb0c6d5630c211c0a7fe,CAFE,Houston,US,00:00:00
866e1c29f4f5f86f27d242f9d0c2a4f456f1bbe29f2ef544ce4c46932b644b93,FAST_CASUAL,Barrie,CA,11:00:00
927584d72b52fea0f7aea1232c87464e52f52dd8ad1171c30f03b5b84d085c17,BAR,Hamilton,CA,09:00:00
862f421256a578a770b1e4cf6de08447f2a6622446e3b9c595aca643939c6eaf,FAST_CASUAL,Murray,US,09:00:00
1dffd68e5364ca2371d1627e59141f261264a7539f81c1746000b7320b5ad65b,BAR,Vancouver,CA,02:00:00
1d7751ba58ff82e365f1b961977f82537011a71d9b13b66a2e77ae08eae4e678,,Charlottetown,CA,00:00:00
3b50a30e79b576bfeb406fce7be10c3d93929d440319bf00b687fa838126bece,FAMILY_DINING,Mississauga,CA,00:00:00
2aedb56ce800a9cfe50cc4159442a2dca3feee8484235b5e00de22187779eb98,FAMILY_DINING,Port Elgin,CA,05:00:00
e2510da2c92e4a5e7fa98eb910065bc09ddf2ff188e40e0cf07bb6674dd9a593,BAR,Charles Town,US,00:00:00
900e70a58f294edb51fad4828becfcb281975cf5b57601175e186ea182667a19,BAR,Sun  Peaks,CA,03:00:00
ec6e1aa453ff12a2c225132e1ac6750d615a470eb7ddfc45ff900394d00b8c77,FAST_CASUAL,Baltimore,US,00:00:00
bd3a797ba948938978965781bd341bc0fc7711ed00e513b9c63a61cf3d916562,,Appleton,US,00:00:00
6caf8cb7c55f641e46a0f76df6c79624a9b209d3a1199fcdf7df54c92ae02762,BAR,Albany,US,05:00:00
ae1dd2727a6b6d30efb2f57c49fb5c43e0485ef637ba1f6622a55a63d53ed04b,FAMILY_DINING,Miami,US,00:00:00
cde098ff8c7e6d21c493c8dac024970e3386ed66893884697e597c0fafb21bd6,CAFE,Brocton,US,00:00:00
14bf92e800e28664afb119b820f9a85eea7dc69a73864d775151ea39f46d13fe,,Sarnia,CA,00:00:00
62c2d270dcca08d1e00210d694052fa76d3f8fb71204e6969cfe92507086056a,FAMILY_DINING,Toronto,CA,08:00:00
3ed351f4777afe1fd9adc73eb76675df659f329d60ee17f321a17fb921b95a42,FINE_DINING,Winnipeg,CA,04:00:00
22cf568a5f78e216780a33aadd90dacf6b89c9b1a8c84ede8716bd0fb964b86e,FAMILY_DINING,Union city,US,04:00:00
ace0a2197f2949398bf3d2cbb4dfebf502be41a07ad2ab25ae63c3e413602c98,CAFE,Squamish,CA,06:00:00
943eef77417d1d33c34b3b1a2f370f2f34f24f1a563e65df79d62522a0af05e5,FAMILY_DINING,Calgary,CA,08:00:00
1299981a055daac16c6b841489a247d8c33f9b75750bc7f1d533cdbf897227e1,,Vancouver,CA,06:00:00
2b24b9711245ac59cb0286deb9176dc9c42ba32fcdab9fe87f8d2ad6cead1e3b,FINE_DINING,Honolulu,US,00:00:00
91432e21b155fc8f129ad8eb860f0bc3672256dea4aaf4af38d5af27ad259f6a,FAMILY_DINING,Denver,US,05:00:00
89d86c0063f854ab51178b3717229060622ecdf163c5d5f2b407f3fcf7f0bdb6,FAMILY_DINING,Sacramento,US,00:00:00
b3b130b344c28e52c7bd5347314547502cb39fec8ea539a78087539c236c6501,,LAKEFIELD,CA,07:00:00
e2b18f3d6877ebde43de4a146a4568d5933b7d399476f5a736dfd159f1d7ecf0,,YADKINVILLE,US,00:00:00
6e46a3a70de9d3b32f8bcb0dc76c1c433d2c9898217f3610a298986143078e89,CAFE,Valencia,US,01:00:00
5d128f81bd46b3a255b0504afec4530fd4c635dcf6b51e832669993260f6d93f,FAMILY_DINING,Scarborough ,CA,00:00:00
183da1e1ddb79076ae7a110ca02b852ade4c6b49375e58c9e1c09dc60bb74b9d,BREWERY,Ottawa,CA,05:00:00
8869350b3634c41b5740e593d1741295d4723cf690c9fd52f0480405ee326249,FAMILY_DINING,Newmarket,CA,00:00:00
d6840e8b800326e509cc7101f06a5167f95bf64ad4f0defa626dd456958fdc5a,FAMILY_DINING,Vancouver,CA,04:00:00
6129bdf179bacd2c2b006843113f7ae74881dd2e28d922c673bc4ae2c09bee6e,CAFE,Orleans,CA,00:00:00
0ea26e5ccd38c276c5b189bd9e539cec0a6f0a513d2aaca7d5ca2338ebc1299c,FAST_CASUAL,Toronto,CA,00:00:00
297e5ba93c5c9d5a048fd8d7eee0ec721863896b8f4a28eb7298423b62526fa6,CAFE,Greenville,US,06:00:00
c1ec950188c8ac8af5a50d2da0c8837f644d41e2562d004ed643482179d003c2,,St John's,CA,00:00:00
aae0452ccc41ed5a6f6fc09bd6c31bc878cdc5fe2b26ae8be24e48d366d78961,CAFE,Abbotsford,CA,00:00:00
85bdd001f66b261f00283ef30f2d08a18a11ed5443c0587bd7965cf587fa56d4,FAMILY_DINING,Kitchener,CA,12:00:00
1d6440710c1b779b72051eb167425ba37b12f49e4c7dcb4252d1b564b1ec4eda,FAMILY_DINING,Rockledge,US,00:00:00
07d8a45862d696d1d7b87540583ac873ef41de82bd1753452c3256e4cccd8d8a,,Chester,US,06:00:00
3ef4ba73834a4409affdc4f09899d57af3f9c201946d624705e5753bd88d3e89,CAFE,Toronto,CA,00:00:00
5997714e9b8d5d88a866bad4cecc5b2febe3be78f9dff2d26f8aacb18e0fbf62,FAMILY_DINING,Memphis,US,08:00:00
338757053ba52d0909c206752f421ab66b57722419c7ca9b3b667fd9dadaa1f8,,Vancouver,CA,00:00:00
363e3940d72f5a94e40292d03f033e85163558ec26079f9984d34eafae7fd36c,BAR,North Vancouver,CA,00:00:00
4b7385013e6fc7a205745718d4d7e1a5ed88537be78e321da990ee59d0ca714f,,Portola ,US,00:00:00
a3959d8b466e312771b27c80f05abd9b2b81d51d41116b802876d01c76e7e428,FAMILY_DINING,Hamilton,CA,00:00:00
b575e08871df5fe6e929764968b5d2b75c7af42879435b4216dfe001fd5e7c9f,BREWERY,Toronto ,CA,02:00:00
7ff32846abcb16c4868f160ac40e501e190296e73a31f5feedab8adbda6bdcae,FAST_CASUAL,Toronto,CA,00:00:00
f67872be29ccbe1cb925b15a68e6e8acecb203525451f510e0f016606077df9b,,Concord  ,US,00:00:00
3a7dfd93546738814daffbf4927e2bbe9828da9681c1a0b5fbd9d7ca0da16591,BAR,Bulls Gap,US,10:00:00
53d12500a86cfea2408d0e934282ce771aa2d991c4b900b4de5ac527d6fd9a22,FAMILY_DINING,Toronto,CA,09:00:00
fdef70125673de3cbfb1ecf4e4f32932fb8ff7cdaad9bd6198d8b839c75963d5,BREWERY,Madison,US,00:00:00
ae8c1d7f5c2c57ffeaf243c37c38d0ef9206c2e2fc3c932a820290190b0c2aa9,FAMILY_DINING,Allentown,US,00:00:00
39e5b4830d4d9c14db7368a95b65d5463ea3d09520373723430c03a5a453b5df,,Collingwood,CA,00:00:00
f30b0908dff1dcd9b0134998b4e0a4ebd8e1e77d2e4499ea87f87d79851ae70f,,Kingsville,CA,12:00:00
bdbf14e67ecc3392c522fe4ff7bc2f50acfecbcb3b69fbbb6a6d79222ee0dc30,FAST_CASUAL,Delta,CA,10:00:00
994026caa8e3aea3acb64e33b8709941d9438e64403236a93b3fe38d60a9bd95,BAR,Fort Myers,US,06:00:00
ac69788092457fe04dfc23d425de0c8de3ab96cd18a73554ce036a3e5160a088,FAMILY_DINING,Friendswood,US,00:00:00
5d4097c55aaef1d3a077e2ccea63cdda734e0ebbd185cf6cf82986cea64ea3e7,FAMILY_DINING,Ottawa,CA,06:00:00
ec2163be05eab497abf7af5e82c9b48a7182800bf838dda822803cb43a0de394,,Port Stanley ,CA,00:00:00
9620947fc4cbb7fd0e979de3c668826c05525d5b759c4eb3e45a44a3c869b47e,,Walker,US,00:00:00
e324c90d6c7dda4a70226cb416919c0206ecb22472195aab9877612130fef7d0,FAST_FOOD,Crested Butte,US,00:00:00
33a6fac78331382c568cfa689dfae1b85c09bbc39471cc5dbaec97adcf6f6e62,FAMILY_DINING,Toronto,CA,07:00:00
5a026936ecb80476cc027f08fd21a0f7d8d85748b4a53a9918704072c1edec8c,BAR,Toronto,CA,03:00:00
9742a0ded6fab3dff7a470f0696b0c008ab0a3f62376b371b1a5afee20edfca3,FAMILY_DINING,Calgary,CA,00:00:00
2304012321726332c3d469c85817d89fc58b5f43d2967b01fe72a397caf6d941,CAFE,Toronto,CA,00:00:00
d5fb273be4888257818c1868b7a0592a117bbdc080ca768f539a39ee72432063,CAFE,Ottawa,CA,00:00:00
3e900baa133d4e8706529f207d5e52de95bd06d955f702b2427d765de241cfdb,FAMILY_DINING,Canmore,CA,00:00:00
31c36b70710b4dccb2a8ce07f7c0d22ce6765f21d4a1c8a8a71fccf98f1b4944,BAR,Milwaukee,US,05:00:00
ed2334f2e10c5b0e7462bcc92ed2681ffd2ce9128c88d3af9ab32cef3ef4f4a8,BREWERY,Kingsville,CA,06:00:00
2ce5ace8d8660ef2b730b0fdbcef24bcd907d43b649ebca78acdb838f51e438d,FINE_DINING,Carrollton,US,03:00:00
b8d158698b794c999ae04f97249e8ecb61537e8c181a74e7ad371c8672000741,BAR,Comox,CA,00:00:00
92128c7fc22f3f685e9914450a0bd855e258aafff9351663260b080a4a7c5188,BAR,Toronto,CA,07:00:00
e046b4c797ed0e2e1ec1b7ea91ad100019b06ddeccda2e037d91415e5935d6b6,BAR,Vancouver,CA,04:00:00
5a13d086b7b675bd1be257007ad58f8482cab5347c429fba2b797375fb14a097,FAMILY_DINING,Halifax,CA,00:00:00
6a3d7906afb88deddbeb44680040e3eb8ec30d2ef9b511675ebe1b4a64bf4ef6,FAMILY_DINING,Vancouver,CA,03:00:00
2a1ff30ab693f59dea389a4b12b3de2a14bcbd09aa65e3397fb1c1fbd98e75c0,BAR,Vancouver,CA,00:00:00
6e89691217b6cd049251a49636b723cde3fa9edeebc2c543a41bf5a79ae85fb8,FAST_CASUAL,McAlisterville,US,00:00:00
308923049aaf214461c178e873cf9ccc25b99f5f89949f3b034664a4c69b7a23,FINE_DINING,Toronto,CA,00:00:00
44db8cad37cf725f17c78aab1e6d978cce25cc231295b385566c142d26e65cb2,, Toronto,CA,00:00:00
a4932a8303f0c13b8d8288f55996b4cb98fb674efc28f48a7d41b8b9aa0a56f5,FAMILY_DINING,McAlester,US,00:00:00
b999777a3ec2dde06bb51fdffb9f2f3f94f2e08a56c5da73c73ec8825fec8487,,Leamington,CA,00:00:00
589fbccae37ef8aa18c61122f27d095233e12ae22a42cbf763622641c72f3e11,BAR,Toronto,CA,02:00:00
9f655dae6190e1ed1a56b54f03cbeb2d3f9d7b52c1e1decfb24c870a5fe0d9fd,BAKERY,Saskatoon,CA,00:00:00
44f1515bc7bef5fb95b9b62464a6b26b11855cf0615b7c90f25d4a55745f0e93,FAMILY_DINING,Rubicon,US,03:00:00
ea7daea6675b0bc64f475bceeb74b6f6e35908dc2e0d230cd432b01f03b95c84,BAR,Kingston,CA,00:00:00
8322608869c4c99a4886cb2844078a122f8927536a36ce2a8e7c78e98289554f,BAR,Birmingham,US,00:00:00
b6e34c6a61b87ddb4dfab53a0a85ef12fbcc897144b092a78b2e5947c4c6500c,,Green Bay,US,00:00:00
5e8a21ead84851c212c2cae58849de4d37bc0babfcab05ceff51350412eb3e94,CAFE,Banff,CA,06:00:00
38da7bd6551563ffebdacad2d81b685074c119ad0319b02f694af1918bbdebdd,FAMILY_DINING,POCATELLO,US,00:00:00
9ca29cfbf6593bf67877a24777ce23522cee2d6725841c6c0f888adf654777e9,FAMILY_DINING,Prineville,US,00:00:00
ddde25c8e94147e31ff0e879ecdef9b8266d4a419a60b60b4c4f3a64ff5c7953,BAR,Monson,US,00:00:00
8abab7f252b49983000c6a9348346ca6bf895046dfe1bb2d3a6d72be7946ae04,BAR,Vancouver,CA,04:00:00
f3e7b94dbde722df47cc3bb1a5615068cea42dc1994a91ce92317f5d1fb8b3d6,CAFE,Santa Ysabel,US,00:00:00
fb52d88ef7fbd6d317cec77f6e2172795f4d24a13980cfb30136c30d51fd6503,FAMILY_DINING,Fremont,US,00:00:00
8c871599bb734639c82c0e371081e11a9b43151aa84080eeda0798f97a8725df,CAFE,Rocky View,CA,00:00:00
662ac33770aa9c07d14e115215a8ebe7db3bda451b5c335c686d8464254a071e,BREWERY,Muscatine,US,00:00:00
d3fcc612ec127ef89f085715aef1172335c54bf0f460d00ac2d80abaebc3be9f,,TORONTO,CA,00:00:00
57237dec5af3b6979e6c80020bbcc28940c4eae86ce4922f98a51245ad87936c,FAST_CASUAL,Lafayette Township,US,07:00:00
5ab38367bcd015633e48892867b5630cffd1ae7e23e9ca5ffb035801ebb689dc,BAKERY,Santa Ana,US,07:00:00
d8951a06ba8b83a4e41a60f7472d7976410bce4201ba989363bc7ae5c71522c3,FAMILY_DINING,Bow Island,CA,00:00:00
8f6baa5f97c49363f4a95d3df55b9f13c9ae621fe609a2d73f9e6fd09861f3f0,,Sault Ste Marie,CA,00:00:00
2bb5638f2abfa44ea24bc40648b9a27a59f5c8f1d91fdc52e8f6cb910c2ce585,,Somerville ,US,00:00:00
580c6e1007abefb3a040ba257f5ad6413f4a6f6ff3de24349e965c46bc411820,FAST_CASUAL,Canton,US,00:00:00
603824d7cd0e2df824684ae97f4d7c8b6efe25298dcd1f86947560a1ccebd7a5,FAMILY_DINING,Portsmouth,US,00:00:00
4f6a09e71af5d1d0770427eee521ce787f906371bde295b77b9f8b4b112ffb98,FAMILY_DINING,Southgate,CA,00:00:00
831034c260026ce1ed5e6097e53b64b3fe337767d625f88bcb485042b49158b5,FAST_CASUAL,Grand Rapids,US,00:00:00
ce3072e1db186872ba49bc535808549807ea43d13eea8b9bd2d60fbc7aa30bd6,BAKERY,Whitchurch-Stoufville,CA,00:00:00
8c2fbd848770207603a98cac1d7d6b8a4e632fff370804a5374fe4d7dd018c02,BAR,Rome,US,08:00:00
9e73e5c860fb60aaaa9cf633ba94dff483b6c90206e89d034d1f39fbed282bfa,FAMILY_DINING,Calgary,CA,07:00:00
42f9b29fc9ded7f209be93cba41706e3a99cc77c0d6d88689299ece4d3d4a72e,CAFE,Old Orchard Beach,US,00:00:00
950ed53de307960251af3e387e595945da87494d2d2edf58b103f58f4ccfef78,FAST_FOOD,Halifax,CA,00:00:00
6d16bc5d6940f9ee52eabba7216003f7aeb4e60277527da5e4bc770110c11138,FAST_CASUAL,Berryville,US,00:00:00
3d88429932ded020d0982da1d6dfe3014d6101105493e99eac0c8b2da668995a,CAFE,Toronto,CA,07:00:00
a06d4d440ba33ef1b053269761468037628424f5cf2ccf3a2004463c94fadac1,,West Bend,US,00:00:00
a7de7d703442f619ab305b7752fd215d85b28bad1dba9f01715d38fec9ce0efb,,Toronto,CA,00:00:00
0007256972781977cbceab0e2cbdc57e20512a6f2975296852029da5bc8aad30,FAMILY_DINING,Baker City,US,00:00:00
4c0bc5f6bf2386a758dbf37fe805120a1c51be229565c23e5234af406973ed59,BAKERY,Syracuse,US,00:00:00
ddbc4324fffc68290435cf7222b3f04763c42604912b7416901e592addb79d64,FAMILY_DINING,Edmonton,CA,00:00:00
0fa55212fd59b0b903041c10f2733a1b3797b3c4a735dad6f2645d30a1b9e2cb,,Clearwater ,CA,00:00:00
736bef5acb2dfbe65399a48cf86bdae63589e305bf193eb6ad72520a6926602d,BAR,Weyauwega ,US,10:00:00
fcd028c291c11b3c72fa0d4b2ca7a6ed77e99e67bc160427c6147f8a327024e8,FAST_CASUAL,Killeen,US,00:00:00
425813be0b5c394e3238616c968ada6d588dcce2d875b2f352482ed2eee0c288,FAMILY_DINING,Toronto,CA,07:00:00
8e38b312067e9e0c37b91e155110ae05a42f34637cf5023c1d50755bf3dfe359,FAMILY_DINING,Scarborough,CA,00:00:00
632063c346da3670d936f89f2008a7f635ae7aa29a7d8c08c29dbd9352aad1cb,BUFFET,Mississauga,CA,00:00:00
ebbfc466c757c27900687940d725257dec163a9df8fc1470c0b19223b147af22,,Frankenmuth,US,00:00:00
0f0146abbb4c1428b6aab26b439773e957905d4d98fb0d4a135497a9c11326ad,FAMILY_DINING,Snyder,US,00:00:00
28aba8137d93763f7f1c1c2d35810640fae7b83519237d5cb23b4c608ceedc7e,BREWERY,Sydney,CA,04:00:00
cbe8185d766c12f3cd3e05c20a277e812de9f10b6a9efd43c686b6fce07bf8d7,BAR,Toronto,CA,00:00:00
128e64f2e29c1567bd802f9e7c9cb55c5d4abaf8db9f1c2cc44950b2b7073205,FAMILY_DINING,Greensburg,US,06:00:00
20902e4c5c647fe27528befecbf6a04d94bb3ca0a606254c32d47d1a640f38cc,,San Jose,US,00:00:00
119ed97091a9bfe4aa93c24659abd6024fe0278303ebe26fcf827530044c18d0,BAR,Toronto,CA,00:00:00
7994a0070873c38490e759e088bd5e61368b637db4e257e198711e7fa810fdf2,FAMILY_DINING,Vancouver,CA,04:00:00
dac968aa7ae8ccc17cea8cc7f15a7e21fa42e92b1e3870a82d4589386a56f056,BAR,West Kelowna,CA,00:00:00
a7397a330350341b1ff74f0d31493f93720a629e21c3dd51c375928182368e1a,,Red Deer,CA,00:00:00
dc88adcedcc97fa304ce875522a066ef66aacb2438975ac2fcfc0f229d9caec4,FAMILY_DINING,Calgary,CA,06:00:00
51d473f56b2fa3fdf3f88005e07c3d5fc34e903e4cd8aa759daf38d593db494a,FAMILY_DINING,Rye,US,06:00:00
72e5b999007a76f92bd646c4dfae809a8696895ae360ec9ca6268d76e44fed37,FAMILY_DINING,Calgary,CA,00:00:00
1142598a596c7ee92155523159d5236fdfad89e8231b25f2a8c62afd50444e9d,CAFE,Ottawa,CA,00:00:00
3f8de1592f374f220e4be4456c7c0ec226729af98e99ec33bc7988cd27a9f1b2,CAFE,Okotoks,CA,00:00:00
3aee4db94ffc279ce29fd15edf5db72536d8936e9f8eec77b19a68d7a7970948,FAST_CASUAL,Chicago,US,00:00:00
847654ea35f3cc179ac90db2b951ae2aff124425dd59d6768dd64125d9ce2bb6,FAMILY_DINING,Fredericton,CA,00:00:00
a5e7ca5ac03daf90be51206c1d4ce3b11704a10cdaa5614a49081d93674c765f,BREWERY,Ridgeway,CA,00:00:00
752920b4daca16d71d67eac5e4ef5944abd6fcaa05b2c5b0e808ba214a23e6f8,FAMILY_DINING,Edmonton,CA,00:00:00
4e44ca6b03299742fbc81a8e557ae0adaac766cf19b16436e389a2bb20b0f1b3,BAR,Slaton,US,03:00:00
b608ba87efab5acafe841b496ab8536c7a32e4323b5124e6f6acb777db79ad85,FAMILY_DINING,Kingston,CA,08:00:00
59d8319d3032484be5981f7b1bb5e9c089b6752ca4d8869f9545d8a61edfb10b,,Palatine,US,00:00:00
c0a02f0e3a88da44f1343de3346fc0755047d147f56ff3c9a9bc7c564fac6e6d,FAST_CASUAL,Ossining,US,00:00:00
312ca5b6c7ebb7d428b15988c4436bdc5dfa1f4590b96cb353e1275df8a335dd,FAMILY_DINING,Shelburne,CA,00:00:00
31ca2bd7978587b32b193adc1bb564ed0fea80accdca2b3d7d7718235bebf432,FAST_CASUAL,Venice,US,00:00:00
90cada10fe6b8e2b8031b354e2a7aca40fdf4431f18511c04433d26726414880,CAFE,Othello,US,00:00:00
3e8085d7a382a645678556aba5d78411e27a0df639c0f4c15fabe3b6460198c3,,Plummer,US,00:00:00
c8828843cba35152cae57e6692e0b3f246818dcbcc58a8d8d2adf15500e6cdce,CAFE,Charlotte,US,00:00:00
7f95077cabf282c44a71c2e9c3f684eafece08866369c2b53b0e345c6351f1f9,BAR,Holyrood,CA,00:00:00
0584e63a8a4c5040f307ebfc90a206bf66fa75010c6ffc3e82a2ece037d40591,,Fairplay,US,00:00:00
7d5f0217cb6f3fce85b9e8709ebaf6b599c60ad3daa7d0401e54023372d9bb4c,BAR,St. Catharines,CA,06:00:00
41dc12a65855bc797c73b034c5e6e8d3f6451ecb21f7011887ef96a08a1f24c3,FAST_CASUAL,Houston,US,04:00:00
f9d45aa57431f3d5b2d9f7d894f9aa94db91d780effa52b88ef70c0a44b0a8f5,,Bonavista,CA,00:00:00
108734f637de600294ade137956da974d5ad81afbdfc841be22577b093117760,FAMILY_DINING,Vancouver,CA,04:00:00
68310a3a6e23db381ef691fafdaeda10c939096e376ce3010dbc0cd58a8f8b8e,,Listowel,CA,00:00:00
56acd2f85500d246e0851f77035f8b4414a57c4f31735c8f37c9cec0f3739d47,,Honolulu,US,02:00:00
5360cee98eeefb516de1d68233b8717de1d140e7f3c1f8b7395de7bcd08b5a08,FAST_CASUAL,Gainesville,US,00:00:00
4b81be8641972b18a7bc19c57deb549c5659a910de701fa32ebf94d6e0373cf9,HOTEL,Summerfield,US,00:00:00
0d01479fe405519782ebe97e3daf1a69b2d2cb8ba346593074741b0bd4b2caba,,Murphy,US,07:00:00
052dcdcf2185a3e75c360ecb53d43c7d9849f3db9798c17a63b95e7c168b7e73,FAMILY_DINING,Hugo,US,00:00:00
f09d69b58ce2e1fcd49714bdb3ee89ff2d5cbc4f140a2ba3bd1dd2d33188a046,CAFE,Toronto,CA,06:00:00
afaf75bec88937db8ad2aff81d874f2050d531543423c2a105acfc9383580218,FAST_CASUAL,Canmore,CA,00:00:00
851de06e0f9df4d94a6e78d72677e0d064a858c095bd251d5381ff54e04ef8a6,,Rockford,US,00:00:00
5e541d3f616c015927b386d99139b748de0cbd49bc60a72a208a0d940a107890,HOTEL,Morris,US,00:00:00
2fa7a06027ffa34b7dd627ada34d0d7af74aaa4508d96fed544a084e6660ac7a,,Toronto,CA,00:00:00
50adb203dbbb09e50b32fcec4a5ddb4c0873ddaa4dd5a8897f6d762f4f43ea77,FAMILY_DINING,Seattle,US,00:00:00
3b8800ccfa178bf7ea539e25e723d2b4ffadd2b53428ed7c9a57b54f332c57ff,,Marion,US,04:00:00
0fd278d47ded9a46e983f3b8f8e72118f913558daf9be7d79c1e5858c9dc973b,CAFE,Brampton,CA,00:00:00
7a7b24d25b60f5513495cf9798dbf3678a42379e698dd145b23a0185b267275b,FINE_DINING,Prince George,US,00:00:00
8199afb70ed38307373d3875c7c06b7d6cdff7ce44bfebeceec1e4190ffcc72c,,Blue River,CA,00:00:00
6eb5d0be4bfc698e2bbc81f40b0fab754ee5e51b35cee16962e56cbbe7adb064,FAMILY_DINING,Eads,US,00:00:00
8e0609bf73b705bf23f9ba979df1837440604312ab67628c4b1003fd1b12934b,BAR,Redondo Beach,US,10:00:00
375fb21368d838417508398c4cd497da230ed4df114a71e60569e05410282e1d,BAR,Prattville,US,00:00:00
abf2a65cfcab0df0189d4945cd41362fa06750205a4e077fa06a1cc8070f115a,FAST_CASUAL,Waterloo,CA,00:00:00
17f2d6cf7ddb0ee5b513eef11d49e6ba898609ae272ac8ef093fd2e98c45beb0,FAMILY_DINING,Roseville,US,00:00:00
9518195f7485a0df9f09be56606b1e2b2958b2e3f452f09eb0e28857b00d9120,BAR,Toronto,CA,05:00:00
d32b9daeaf276d0da28ef3744ed9c4047caced9fd7010dec71219a7ed31536c7,FAMILY_DINING,Chicago,US,01:00:00
885332b7f22a142e21b7459473003fddc17bfca5753ceb2f0f0d63cdf9de4288,BAR,Grand Forks,US,03:00:00
3d0ed24a6be051df729aa41143ef2c850f9d4419475e8e216a7cf536f367d258,FAMILY_DINING,Victoria,CA,00:00:00
d9358bc6c2ec903f6bd1f70fa1c0aa6fc2f7c00cb1e8c2426e22bd81330a1610,FAST_CASUAL,Dartmouth,CA,00:00:00
799993266b09c1113a228cad3b7379c99de41c184aa43edd9cda1403abe02764,FAMILY_DINING,Houston,US,03:00:00
2bb77a315b88ce8fdf5bc840d095eb70e6d6c5c191ebf23f9d1262747a20b8f6,FAMILY_DINING,Milwaukee,US,00:00:00
d086385424a3f86cf3308d7b2b24b9af24fcc79d90fbc1e378a0fa48f0d9b5fe,CAFE,Portland,US,00:00:00
c60dc7a742e43b815ba4c4f14ae3efd67b9ffc810c971c92a48a3b3cbc6d5919,FAMILY_DINING,Dennis Port,US,00:00:00
da7b13d0c57a618398b0c998fdd1b14ef6ba88f43f269409e39c89e100966ecf,BAR,Woodbury,US,00:00:00
09e64fc8f567192b576182d258f8a355e6843e09059999f630fe89dca948bbb7,,Coram,US,00:00:00
658ff36b3a81abe17154a47888019edb1107d3e1f3b2e1bc2ecfd4f1a746b994,FAMILY_DINING,Westport,US,00:00:00
25c8933d1bad8abecef0dad271d1e9ce136c0df05d013eaf48f18394108866e3,FAMILY_DINING,Springville,US,00:00:00
5011f538e00148641faf4d15d726934ef5d874c71e3512fdee384d111b01d082,,.,CA,12:00:00
7eef9144c5d079c069970719224a30b97699cd04a57a12acc180c30bfb33ae93,,Waterloo,CA,00:00:00
9a19e78a140cac85f15f3cb84262a3d83c161737e04d632a75bcc7e0ef3ccee6,ENTERTAINMENT_COMPLEX,Toronto,CA,05:00:00
31c089e6fbfabfdb9fa508ca75a7d82214a4f9ef4d0f78f4e9b5535c3cd9a4b9,CAFE,Prince Rupert,CA,00:00:00
8fcbbfaced8b2287c2ae055c416e493d36497aff9bdc3dfdd1929f72cbdf5330,FAMILY_DINING,Niagara Falls,CA,00:00:00
8a6f6521e962f0793d435cbc848235fe29154b3007b4e11bc188a996f07ada15,FAMILY_DINING,Edmonton,CA,00:00:00
d9c63a7fdb451418ab815aa0c54e1c0f4c2a0180bed94fcb68fe53b6100fccbd,FAST_CASUAL,Calgary,CA,00:00:00
9014f4a8d2bf82fc89dacbc02386021430f3ec73505759be0b3ed2f04b6cf913,FAMILY_DINING,Aliquippa,US,00:00:00
340799d186c8195376d2cf6a756516a830ffc5feac81996d8b4e6d62d30d214b,HOTEL,Jackpot,US,04:00:00
4dd6e117403f7d2f383eb4599c5fc70f6f61d1a3d2cbfd1879e09856514e4cd7,,Mariposa,US,00:00:00
2c581f3870084a262b09a5e861fc23c1a9c15510af86926770bcdd135bcbb915,,Highland,US,00:00:00
7cd024c525a7952ce599081035cf063cb3b0c52626072b2014a79055ef37d670,BAR,Calgary,CA,05:00:00
a5c44cf41754d8cc7b5e5e6a4ccf3bf832d148b98be8be80422a787a9a0c78b6,CAFE,Clovis,US,00:00:00
5775c4fe6e3b8b197b97624a74e2324e28bdbcf788f02961eb06303e1e624d17,BAR,Lantz,CA,00:00:00
3dac8c55c94b122c13b32af9548b12b75aac993d45f457cfb74e97e19d8997bb,FAMILY_DINING,Norfolk,CA,00:00:00
6c493ad111d423184fc30017d5a21b690928aee82ca588152cdd0c4aa75b7016,,Albany,US,00:00:00
91b312827ed3ed862a9974ff0951787ca3a7895d9c03ab2bf538467a367f6a6e,FAMILY_DINING,Toronto,CA,04:00:00
4e92638c77e26cdface21d295892d7b9276019b0e6c0c1ad922d9a50a69a5b0d,FINE_DINING,Oakville,CA,06:00:00
6e7d906bb3f2d6ab38ee04273694b3d5e11cc55c2bb1224d85549b34bf1a6fe0,FAMILY_DINING,Kitchener,CA,00:00:00
ab4e225c837ae25f01d79a63083b6426959e3cf6c8f6e055866ce4907af600ce,,Leamington,CA,00:00:00
6c13832ce33365da57b337cbb5da6840e6d000cdb9d1982da3dce5f1b8cc3299,FAST_FOOD,Troy,US,00:00:00
a55a77281f24c90b9413ab90a13a22323e70cb537978bcf9edb3e316f3acf735,,1,US,00:00:00
c13af3ae78016ef0b8a2eb149c3dde7dd2a5a78d791871f63be2e12086f3d105,FAMILY_DINING,Gilroy,US,00:00:00
1c727d610a27577d4cd964113be266cac66bb063b98530f6e2e4dd65445a5348,,Davenport,US,00:00:00
9e84d47c3210725b4e0209ea22b028098d2e5c79a0bfbaf43e119dcb10a480af,FAMILY_DINING,Toronto,CA,00:00:00
cab1de2a05f68d1d531ad0631ba95df3fba24939894c008404f3871b6be7c98e,,Lewisporte,CA,00:00:00
2a0aafc831d9d272aca3f7e88ce7fa8b8409da424aab55731e2bf01c7ad793fb,FAMILY_DINING,Toronto,CA,00:00:00
df03bfef28d6c150480fc59dbb3c6d4c5a2f6a2effdb665e28633343772c0409,FAMILY_DINING,Kansas City,US,00:00:00
611902e5738238198968b7dd4e7211e345f98f1cbf654e4fe1886e7ddf3616b8,FINE_DINING,Victoria,CA,09:00:00
a9d888aa2ee08a3c7254d4004f553f62b1a176e321c1720927411b94db79c37d,FAST_FOOD,London,CA,10:00:00
1f679114a0bef51573d1761acf0b715376a8d6eb1d02e0be7b3357eab2b465eb,BAR,Toronto,CA,06:00:00
24798f32b5baf96126490a95580b44331f1a6629e3c702003c03fe5cbf29a5ce,BAR,Houston,US,05:00:00
2ecbd21d605e91db8f1506050f6ee40149b28fa863cd10546ca875167c0d54fc,FAMILY_DINING,Ashern,CA,04:00:00
8c150f2d5d51f9faee91b53d382b7fe38d564051564b988e971e07dc152f7ff0,FAMILY_DINING,Welshpool,CA,07:00:00
6af0e35f8c85476df0a6739b9505d04ff748377d60b4cb5fe2b7078923de2bd6,FAMILY_DINING,Dublin,US,00:00:00
7cab221310edf5f3c75fc38259bcb7640d080b4b05d5bbde9c62508aea9f596b,FAST_CASUAL,Los Angeles,US,10:00:00
df6ca664adfe237e23a378b092b16068e4f307695e8b0ea95bf6f1c59e610e62,,Placerville,US,00:00:00
aa005c7663648529abf74214dd726fa56c25becc1199b7c32edf9ea9799ee0e4,FAMILY_DINING,St. John's,CA,04:00:00
b6302de161b5659084f9230894fb66b9aa3fdd2b965bce4c8795e1c9f531c4f9,BAR,Cocoa,US,03:00:00
68e559beb80a2ae3cbdbf07043ebf35fbbccd85494216a2f32b31da76ece5ac0,FAST_CASUAL,York,US,00:00:00
a6bc12f5f0d4a0bff36aa762c9351f2803d8dc9520efd10078bf6ad31999697d,FINE_DINING,Fort Walton Beach,US,04:00:00
2b8bf3b855a2dbb68ce10bc84a6ee3c937dcf922f9c7db9f84eb79db916574c2,FAMILY_DINING,Cortez,US,05:00:00
3bc3059c076f1a0bbc553a52350a4c0587d3eab52dd6d4411c3d2674eed0721e,,Calgary,CA,06:00:00
d60995836278d6cce6fe474425d68677f243f4c2599eac1d9aad40023caf8750,,Emo,CA,00:00:00
c0fbd575cd96c0d534b1bdab63318432316671cb323afe4f5a49690bea17f46a,BREWERY,Ozark,US,00:00:00
f9721e8ff9465fe8b41974b75c0fa79f420ad845ef36e94f848ccff284559941,,Canal Fulton,US,00:00:00
1991ea17fe5b93b7449f5af024da07cf10ab50f635f0c8dc9d384d93f97cd8ca,,Carmi,US,00:00:00
695df442b2dc2606aa19d97088b1676d2346c0d93267661d6a7517e212494c62,FAST_CASUAL,Katy,US,00:00:00
75b7e93345040b10fe31d07c27ad70eded89cb666de3a4432391d88e3a2f36c6,CAFE,Kelowna,CA,07:00:00
80276b627490649aa1bdf2ef04b3bead75869183cd50ab01f9abe53b00e1cce1,FAMILY_DINING,HOUSTON,US,00:00:00
c49c16b2d445dcfff458178f52f98d8bd7c41fdca4ab83e339badf98155313f0,FOOD_TRUCK,fountain,US,00:00:00
16faff580df4590b8d88e02105d2c255dba0336d735f2a2edb9ce06fbe3314e1,FAMILY_DINING,Glendale,US,00:00:00
5dc459c71f4739c3dbd5872b4d442295864cf5715f704b19e02e1a581453561a,BAKERY,Vancouver,CA,00:00:00
4567f6e4059f4e6d795b79a102336e253421f7d965ee912fdd3485b3f4a88abd,FINE_DINING,Stone Harbor,US,10:00:00
e832a0253523f9e2e4a0a7bb28f4bf44eb0ca8c38eab1257489a4839cc2a27d1,FINE_DINING,Cherry Valley,CA,09:00:00
504fa19567bbc2b78ef159360a53c81ac87bf69b03aa18aaa5faf2f1f63dc56e,,Lewes,US,00:00:00
2934118e292b0506a41e364633d2b2323e3341279b77691d52d0e224cc819d68,,Saskatoon,CA,00:00:00
cfbe7073735f4f879925c8730592cfc272831f864c0ccf03cf754bcce7318a81,BREWERY,Front of Yonge,CA,00:00:00
40a30cd55f33950585a7d8e23cca9ae34541fdb4e3a854b515bc0cfdf87a3f00,FAMILY_DINING,Barrie,CA,05:00:00
6502a5ac60c605c0ecf4a1e2e442ce72cd372b9607224d3aa702982dd42aa79a,FAMILY_DINING,Kitimat,CA,00:00:00
ee17c7fd28516911bf666e0df172e94d23490dbdaaf7f1878a996e96a3879259,,Toronto,CA,07:00:00
7761e772ca6b4e505cc93236479586d4ad2b7cbbb9c87440d73d713472c9dba6,,Grand Falls-Windsor,CA,00:00:00
9f79060e92c65355d1ea076dde2d70844b20d4f7a2a4bfb1c178b5d5353d2bff,BREWERY,Nepean,CA,00:00:00
02be6761f02f2291c1fe54c103440f7b9ba65da74dc84f1e08736d7a67824643,CAFE,Banff,CA,00:00:00
72267bef6fe2709542ba5dfcdb36385069801ca0c78f60e72843217562666840,BAR,Shamrock,US,03:00:00
6133d1279cf8b4a953c9e089b5cae6a6be4f84c121f344a9102eb834817eb37d,FAMILY_DINING,South Windsor,US,00:00:00
172972fc29f2a75974e21a024d6e2fa7287ec184c903b7bfd46afa637e64744b,,MESA,US,17:00:00
1166ea4163dc742cbf63deadb48d1fc0c509f467e898b94a0bcdbaa46994e51d,BAR,Tofield,CA,04:00:00
b406cd1ecfa26b4c9c062d8b5b27d62dad77f9aa2a16e891b595acc64806d532,CAFE,Toronto,CA,05:00:00
1ae2694fc0bf80ccc8b9ac2a308ee03fe3ebabdb76e3df26bed3721ca72bcecd,FAST_FOOD,Vaughan,CA,08:00:00
74a8a47330e8f99a0fafb96c58d5e31d8bbf7ecc9179bc3c26fd91e8bad17e35,CAFE,North Vancouver,CA,00:00:00
77ec6841b64d0d0c12287f7c9647c5defb2893f6db31258cb631e4ca90720078,CAFE,Venice,US,00:00:00
561cfb6e8acdaf1ad846047a22892e70bf06707021d8f0ef0c888cb06cfc7624,BAR,Collingwood,CA,00:00:00
2274a2f6a1e25c53862693a226628872d1260fa37511929f28405e1b1368226d,FAMILY_DINING,Toronto,CA,04:00:00
411e216c93037b154af7c33c0a4f001b0d92c12c5c309c918d48e19f0dd8c1d8,BAR,Philadelphia,US,12:00:00
867e040a6446d8501971d239362ac7b20bf6ed31f5e5831687acceda20c2db5d,BAR,Belleville,CA,00:00:00
decfe6c6693ff6bc17213675958f0abc93c727fc806cc9fcab0a7dff96fc211b,FAST_CASUAL,Orangeburg,US,00:00:00
9f54f400f5181981257a7eb0256470182019d3c72cc8f199aa86d2eb9fddd833,BAR,Yonkers,US,00:00:00
54fd2e96f3aea012b5ba30ba86d9e6d5a285862026add5bfafb3d4b8506d3c52,CAFE,Winnipeg,CA,00:00:00
672d408501084b6db6052bc81f7ade400a5b0f2c04b35b82fdf3edf26d71779c,FAMILY_DINING,Worcester,US,02:00:00
aa174c2dab4234b15c063964a78f01815a80fb465f3ec30174af6c5926e92610,,Summerland,CA,00:00:00
362c5c7f8ca4194ada55ffafd9d514344c37087827fe29afab5d1f43e62e7926,,Toronto,CA,00:00:00
e6905a7ea93c8ca521ae87f1868bf7fd52d3e9d0acd25e2a12b5f204324051b8,FAMILY_DINING,Swansboro,US,04:00:00
724618780674c44bfa4efc015f9416cc1d74c352e3d3a7637598ae2f513e0308,,Lunenburg,CA,00:00:00
ea40290f720c9cb4e9e93e29320536a3240daf4c3764de0c156437b17f6318c7,,Dwight,CA,00:00:00
94d923db6dd7dfaad09d5cb8dad7c0fa4a2896ab3d77d082c1a97545d251d1f5,FAST_CASUAL,Oceanside,US,00:00:00
2e1479168b5a99ddb9bf4463281c378919be2038c1db0f43eac659a4061672e3,FAMILY_DINING,Iselin,US,00:00:00
f13a044661e4e8c6ee854b4c1c8f2f64762a11c1f2d6634a175499aaf168bb5c,FAMILY_DINING,Comstock Park,US,00:00:00
089756a5e3b6aa8cd9753c7ee5cb66e7fbe22ab2dd0116a3adfa5bd72316ba7c,BREWERY,Kingston,CA,04:00:00
c592c02ad6aa86ff4bd672bc212f546148b17b8a247670241d4ec1e230a982dd,CAFE,Toronto,CA,05:00:00
f9e0bca5f77d918314dfafb040354dfd8710c5ed25312dbe471b908a3f8e9fc7,FAMILY_DINING,Rehoboth,US,00:00:00
c13273112efb6ee61d6ca291ad44a52c8975e0fa3f0edd3e9255a3ac9dbe903e,CAFE,Loveland,US,00:00:00
ea2f0a4504ae92fd4a4da3dab1aeb793f05413e5cb419dc957aacd4fc1ee5e3e,FAST_CASUAL,Fernandina Beach,US,00:00:00
71069595b4a2ca604b584f827262eff2c20a137e9bc2eb0a600cb4fb9a5d4f28,FAST_FOOD,APOPKA,US,00:00:00
bf8f14e8bb4dadb1a5c4b9680bab11b70a6fa37480b2813d0ad52c253ea8a81b,,Plevna,CA,00:00:00
4b6bcf7e147fc33dd2daf8d7c38fea986c297b5a2cd321bc16f26b8704a96649,FAMILY_DINING,Pembroke,CA,09:00:00
2293091e01f7ea667a55ac74798d2e822b22ad40809cafe2d6fedf9a70807385,FAMILY_DINING,Sea Isle City,US,00:00:00
23fd0d78ddeace19b67c01ede9732558489c406b1b42af39b878c59c41425c1d,,Vancouver ,CA,00:00:00
d29e85bc62bb78533cd3747f65e10cac50548317ba3614f410e18660500bc4b8,,Wellington,CA,06:00:00
8fa7f779f088ecdcfba58d05eb0fb8e016513ae508de7af248165503f7399832,,Hickory,US,00:00:00
cfb2cab4860b3efe5b7f0bbce22f9d87d6f916f3692dcfeff7dcf0b0b6f91637,,Vancouver,CA,00:00:00
0a0b1a40380acefd81877a5923e37d685589b3511b0608c1801ace1d8311c8e8,,Ajax,CA,00:00:00
ab6244112dd28d9e4b8a04e10ddbe02fd20461aa5ddee4ed62c7a3438867401a,,Christiansted,US,00:00:00
519b920baf1bfc104d8a948f0e1c2838a20f5487450c4d647c9e04f09c65053e,FAMILY_DINING,Hamilton,CA,00:00:00
8031175cc7c08700603cf77e9ee1846290defff0bd526e3e8f264d1738dc18c7,CAFE,Woodstock,CA,11:00:00
ea3a03b4971eeb62730e1de238225cc4e6145f0eb50ad28b1379f2a2ee71e16e,,New Westminster,CA,01:00:00
d82dc22564ccfbe61fb06696d6cdd5340c569cd5e300bdd861ebc2047cbf5dc1,FAMILY_DINING,Ness City,US,00:00:00
8656fa7508199018142ffdd35da58ead88ab20db3c00dddf633fc842dddb41b7,,Cape Dorset,CA,00:00:00
3faee68416a53f9c372df1981b0d5ee0f20d2dd9a10492eff1d7c38d2a17ff10,,Twin Falls,US,10:00:00
31856990e2346ed2d08d10ef283d7fd52a949c762329b06c0dda5c27c7b21cdf,BAR,Ottawa,CA,05:00:00
b9577e917f054c3b7c481faf30528b5cce82b753f56cfe0a94f06649b6daf958,,Toronto ,CA,00:00:00
40945869d0256f9b564f43d208d362bb58559a0c3a416c6a5bf3a31027380c48,FAMILY_DINING,Cedartown,US,00:00:00
1cf8d9231f1e364a8c3ee4503ba5c05854bb6789629fddc42e3e7dfbc73098f0,BAR,Toronto,CA,04:00:00
7a9f594bca8e7616653618091c65ad6be4dc01966d348bad5797513994f95311,FAMILY_DINING,Leavenworth,US,00:00:00
d78feb8e93ec9cf93c35078362a1e65db3005c8dfbbcf6c01e45fee1286e8477,,Toronto,CA,00:00:00
1bf696a5fad355eb1e916dcf3223b10f6ae3a8b06ecc1a7256c584d50387d9e3,,Toronto,CA,00:00:00
2ed742810cf90a4a71d2f1ecfb5b5214c13444915c5a0884b8dff7f9162504e0,FAMILY_DINING,Milwaukee,US,15:00:00
5bc4f10c326c9c08587f27fdde1bb6daa3da91a80315681253242ae06d72f21d,BAR,Bend,US,04:00:00
ed042e51f6834de1fbf9c990d47a8baea76f3827bae2d6a2aa36b10844551d7f,FAMILY_DINING,Vernon,CA,10:00:00
df8371648acbc7dbb872ddc670b9417ae3e0cbc7ccb547eb5ddde014c343b2be,BAR,Scarborough,CA,10:00:00
f21ce33c3743e9bef2b5e98c6e745b4013ce0b50df1dd0dd34e2e461d9ac889e,,Ottawa,CA,00:00:00
6c8d0437f3c085588a2849265797d1dd0a095101ce5544ff2ea4e68f76e525af,,Toronto ,CA,00:00:00
c18d8377320c4ee7ec6add3e7ff041e478fb94daf46df5a938a65fd98eae2c53,FAMILY_DINING,Indianapolis,US,00:00:00
39211439df1f887f82c86ca9ba948e3555cea92f6361585eb2f3484c461eadff,FAMILY_DINING,Wainwright,CA,00:00:00
9e18a1eda2b77e0e7d77211f2cb92d0c48e7d5cbb973f2e7c32e4cd1a80a0d45,FAST_CASUAL,Rancho Cucamonga,US,12:00:00
0879d0bfe26c46e940b6e90d2d0bdd1a46f9090b5b6b5c1be1b5c06ebe6bbde5,FAMILY_DINING,Kelowna,CA,00:00:00
08ca2e97defb2a29e30548345db8f7c68cbfe045d2c36891d5b6fbd8e117a7a4,BREWERY,Surrey,CA,11:00:00
1dde72623bfafdb43896f3a3eef13e274219cd3b7d8e6eaf4f87d021c11abc76,FAMILY_DINING,Washington,US,00:00:00
f82575781478af1f61e7fabe0affb9671753cf6b21007cfb74fb6eea63b26f2b,,Port Perry,CA,00:00:00
f959041d20c9e1921290a33074eb0ca2e747e2bbe20013ab71c9e24e28bbd5f4,FAMILY_DINING,Palm Springs,US,00:00:00
174204fbafd8f3cb81337a5f8e89fa07bca456d26630f68e82d4b6a3801caa5e,BREWERY,Whitby,CA,00:00:00
1fc4ef37566db934d64af787adc20b3d1bceb44aefdff4719ec53c334b224229,FAST_FOOD,Edmonton,CA,00:00:00
e4dc4e0761ccc6fbb4c064517e40f3582522c325f9a4e599dd9af29ceaf4a5cb,FAMILY_DINING,Tofino,CA,00:00:00
1112c0794b8e9aaeef71266ba8db9d5ccf8a81d167fc4ff30966de745a91be50,CAFE,Cambridge,CA,00:00:00
ee33bcdcdde3c347d76c0afeb208c770d0246c000c97c12252962dad2a0154fd,FAST_CASUAL,Markham,CA,00:00:00
2065161662cbad8bd29fc86ea93c16733d5ab6b768f840b25837b2da1f4e19c4,FAMILY_DINING,Vancouver,CA,00:00:00
6f48dbb134b5fb7bb2387ccc94ce11c1173c9dda2b6adc5e31ad500cfe6395e4,,Pemberton,CA,00:00:00
c1c8f43f3986836b8f7393858ee0807bc95a934a824ee1714e3c5634e2ef5c3d,FAST_CASUAL,Bridgeport,US,00:00:00
567333fa6594909dd015722d1fa06340695fed09673af2eb0ecfcdf2cafd3b0a,FAMILY_DINING,Hamilton,CA,00:00:00
392169e32a3cdffc3a9ced1e690736aa345e98cc59d0fd5e6c216804bfc73fa8,CAFE,Green Bay,US,00:00:00
688eab6642df57e9f9f6d98e3d7f513c09d4f26a8714946bba7c55b757ce0303,FAMILY_DINING,Loveland,US,00:00:00
d50d737c61680392a6c2eff327119a2a64e74410e6361b2e1f15f45423ae8b47,FOOD_TRUCK,Tampa,US,00:00:00
e528e0b4741ae8fae612e26027ff330e8ab89d3d8284bf332fa4e4a8e0f8677b,,Vancouver,CA,00:00:00
fcd20fa2247d52f841fe3d049474ba9dfc9a9ce04aea374431ac44ba5cc9aa57,,Calgary,CA,03:00:00
ffe3cf683c3b3d6f7c1ae13deb93a0bdb9f87ffb3b658bcf8f035af7dc96303d,FAMILY_DINING,Irving,US,00:00:00
0c0cc3c1cc7f990a22a5e921f99433d05f9e243cf865241997a08feb322db5d3,FOOD_TRUCK,La Grange,US,00:00:00
d5ed62213cc68e34309725cb3810a405abda7b52054b2299a3b58c256586afcb,FAMILY_DINING,Brooklin,US,00:00:00
35e7b5b034f1886da66ffea15cffe8b51d93bda21422f9c84214fa67d991f34f,FAST_FOOD,Whitby,CA,00:00:00
2d46aa25d07eebff792cbe24989fedcee75b88ee6311952858b213ca403e98fa,CAFE,Toronto,CA,00:00:00
627e4f781bcd2a5f5f339ab869746790d724acf7ad64637a21be13fa10c44cd2,BAKERY,Cambridge,CA,00:00:00
99bc620e00df2f38a189858edaf1ce8a474878db39ea0aa44e82a6de03f41a24,FAMILY_DINING,Toronto,CA,14:00:00
270f1725e7d3fcfb16860f8fa0df0af8161c7b71d2c9e388d0af00dcb678fb69,,Niagara Falls,CA,07:00:00
bcd010cc17e2662d30f3f9c7e79b1993366c27741e3884560db6a3052dd2f84e,FAST_CASUAL,Brampton,CA,00:00:00
f3a2f3840f95b256dd51620fca0030a1e3f6c979c3590bb537240319deb23532,BAKERY,Toronto,CA,00:00:00
c65d163777d5d546f72762fa3ea8d4322687602a4130e1ab34d4ee845c7f9d5a,FAMILY_DINING,Kitchener,CA,00:00:00
3154c9cc4526142b6c75f88dc9137ab19ca25643a9e8879fdcd921cb2f1ff8cf,,Toronto,CA,00:00:00
b333bda72c527298f208abab5586e4613be26119d0a7c2360cab61a82dc35559,,Gander,CA,09:00:00
d6090e80b249c7e2b8761474bd62d544767e06956d1ea1b194e67d9aa50ac172,,Burlington,CA,00:00:00
41aaa0c32d18e1c1716310cec9330586830a9d71dcfed5cdf455585274c4e6c6,FAST_CASUAL,Naples,US,00:00:00
aef096ca338ef35e1cddafe28740a30215508c9f473939fe6316b5504d07297c,CAFE,Toronto,CA,00:00:00
359d07904a9dfc6287a4650530637373ae62d7391fec5393f2df993f9867f09a,,St. Andrews By The Sea,CA,11:00:00
0b3b16929d09a9cf3fa821dfc03bb84c49a2e9f35a46d1c1d317b26c367e2429,BAR,Muskogee,US,08:00:00
f3ffbb26286517f0c62d2d12e6e0f345c8406bae3b5ca1bd26f46faf4f752c5f,CAFE,Ancaster,CA,00:00:00
9989a37538faecc495bbe774b30fb447a1582b8f1bc14ac88dfd84996a7b799a,,Chatham,CA,00:00:00
867469ec705d0cd01f72f1f3609be6f8958dc63908ccdbee16e6c3e4c1953997,BREWERY,Alto Pass ,US,00:00:00
495a0a4b2fca551f0ce9a6e74ec24c4e0899066c943e0ee428db5ba261184bad,FAMILY_DINING,Edmonton,CA,00:00:00
7cf3bbcbc826b8b26616ae9e8000452644f29ccb741a80d74110d2c4a87eb006,FAMILY_DINING,Moseley,US,00:00:00
535631e71ffe79acbfc92fe897292ed5fe0c2dc2f8a85e185b2e9b54da21eec2,,Hamilton ,CA,00:00:00
03eb6859de0e116c9ab7205692c88a1bcc9974a090bec40de773c34c3786a1bc,FAST_CASUAL,Summerville,US,00:00:00
cfb8b152583fdb428a316f1b396f6006003f15f624160ae4f802eb4fa9308d80,CAFE,Portland,US,00:00:00
d941af969089c4a74e62b464e1fb0499a01f863542beccdd75cf135168ac8fe4,FAST_CASUAL,Oshawa,CA,00:00:00
8556a75081a9a8a366c9f60fc4a5d66d3533c43ac7bf298c3ff4858a34356a1b,,Goose Creek,US,11:00:00
0f781d6d18e3a82535d347d1ee3ca9e00ccbcb66fd613c8f8634d588fe2ff863,CAFE,Edmonton,CA,00:00:00
31ac35fe1cbb6567b6eb10f7e644d3347983175c560bbadc5292dbf14db32dd7,FAMILY_DINING,Edmonton,CA,00:00:00
54a97c7ad53ed29cab5a63593e3200ec58f6a1eede5ccf232261661d2a3a0ad9,,Baltimore,US,02:00:00
21fcd1dd6a906fec1d3a2b6830c0044930bbc8a28740026171af15f00ad7c7bc,FAMILY_DINING,Bath,CA,00:00:00
7c795de6c1e634f2ddfd983abeb31719e307449307375ab8d53a5f1c660ccf58,FAST_CASUAL,Oshawa,CA,00:00:00
0cc060824dc227b91f7f2644e8f33ec0fb37f525affc834393bca4cd40989d5f,FAST_CASUAL,Windsor,CA,00:00:00
e46ffb243ef898d4f9a143d8e410981f4a68e86102829a85dabbf3ac36419faa,,Aguadilla ,US,04:00:00
22b3fdd8f9cdddc53d0f9f670962f186e9f0ce668d14f30904c6cc3269a4dafe,,St. John Township,US,08:00:00
6e71b474f16d8220ef5423ae4bd70b10a46e8085e145b8e957ef051283a83716,FAMILY_DINING,Regina,CA,00:00:00
176900cf76ed19fd2f08a9c6a08ac0d20c57cdc97745980721fc8c924c1daaad,,Campbell River,CA,00:00:00
6435f324a882ee437b0379f7d12214e26e70c3153682cffb1927c39dded522c9,FAST_FOOD,Orangeville,CA,00:00:00
c429a93454c5aeadfc81b689565eb007072b8fdb1ca722877c415aec3d5d302e,BAR,Toronto,CA,00:00:00
c66b3b72c98384348d2bc95b07bb6a8c12d24f6e22172611426006329c7afe87,FAMILY_DINING,Ajax,CA,00:00:00
4e2c0229a71c0a0b138ccdeedd01ca80fefcf7caaee4c04b7fdd22627f1191ea,FAMILY_DINING,Dartmouth,CA,00:00:00
21bc957fb76dbd898896e04eca03279461f34bb042c352a7267dcdd1b87f7390,,Victoria,CA,00:00:00
55d1fd98c4912b4ec9d03c5b7ef3b4e0df1b1760f46b39262634caadb1903b85,,Toronto,CA,00:00:00
d3a5200984de637d19063650460a15e19d3045fc0b1cc251db185424f5b2455c,,Whistler,CA,00:00:00
071b6f20ac0712521064738faf1cfbd7ecb13d9eecbcb4415ce9a9f640c276c7,BAR,Ladysmith,CA,00:00:00
e402133afe46c32bce1df3fdcc33db1fa1e12c277edf463296a9f009e06312f0,,St.   Peters,CA,00:00:00
e94f25ea8da564f6b3de635e259693e2d4c7904c32ca82600f349c211d4bdb52,CAFE,Langford,CA,00:00:00
64d373531d44fb581c2ee2cacb937c291be10f0b3f274c81d4dd31526880b1bf,FINE_DINING,Fulton,US,04:00:00
d289212823858e5f4e2e49e3d1b2a8a5dcee1fd986c44f0ff2976a3035f88871,FAMILY_DINING,Scotch Creek,CA,00:00:00
bab90d5522cf2e07bd93c20803edd0566dcccb085957d4cca6ff03bd6c369695,BAKERY,Vaughan,CA,00:00:00
905daf4b6cccc72219061385971997edb3f6d57cd9494967da9cd04acd350f83,FAST_CASUAL,Halifax,CA,00:00:00
f2bfaab49bb41940dce7b869c64fe0acfd7c307d7eb5079d6e140accd1d029ca,BAR,Oxford,US,05:00:00
467d2d6c5b578c896b88a9bb7083fe53e039b100fa75203f71219537261564ee,,Sudbury,CA,00:00:00
e00323dc94728a9072c51b4b38cc4c174f419cdfa58434ec073812929927539a,FAMILY_DINING,Huntsville,CA,00:00:00
fcae80c0946931a1151e5509b8ad41f74ae8e6808f50f05fbfb7d1ba15b921f3,FAMILY_DINING,Miramar Beach,US,08:00:00
555850e8f7f153d3efb8e50770b476d01fee80d055a2a106f7017fa924933edd,,Uxbridge,CA,00:00:00
9ab7e150d1c41e67b46021dd51eb13ecce6e14dfcccf5f06d326deb4555dfcda,BAR,Brampton,CA,00:00:00
b8a274a4097cfe17201d024f86dcbe2a603373558ca6213ddec9c961752b72ed,FAMILY_DINING,Fort Pierce,US,00:00:00
c14985e68c2c0caa248d4e115bdfbfccb89697cc347957bd305d9355ea72486e,FAST_CASUAL,North York,CA,00:00:00
82f54bb9c586553406380714d8c880314b1f98da9a2c167f1072d0ec5493337d,CAFE,Vermilion,US,00:00:00
fbab4dea951e057cf3b6518b4d9247b5650fd123a203428a8155430701902435,,Kennett Square,US,00:00:00
186af2479eb211284ca3839485b55cb65f27b7d826274a289c3f52db9ace46bc,,Moab,US,00:00:00
baf349394a8eb80b7df075dcc0cd8ce564f7b181a0451f3c38760377caf241d9,BREWERY,Calgary,CA,00:00:00
be112dfdd73ad08ab1f6ead6d08f15b04ce4e2c6e043efb79e01d50de3b422fb,CAFE,Mississauga,CA,00:00:00
69f2ca5557aebd665713280240e908eedb481d04bc57e82af5c8be1c6ff8fdd8,BAKERY,Sherwood Park,CA,03:00:00
2fc938626e067519a861a2bae46474f9ed0ee8002bada9e4fe1db702b4da4d03,,Vega Baja,US,00:00:00
108946d54dc1fe83dc9bc2f6473638fcb5a67b56fad11f59e69b92eddc318d20,FAST_CASUAL,Daytona Beach,US,00:00:00
890b4b86985d8468e5621b8d267d6dc00336b20e98cb5de2651368a704266389,FAMILY_DINING,Bedford,CA,00:00:00
5499e15110f83b9e6bf6c9ced172d3714cce4060f7c3d4a599a3bc61b226825f,CAFE,Edmonton,CA,08:00:00
a03474218916b195e84bbf4b02101003c2f20eafc154cde426be5bbee6294f34,FAST_CASUAL,Chino Hills,US,05:00:00
432e14e15063a7cc1b5be7acac935544ee5a4a559d60cae030ff33f102242c84,FAST_CASUAL,Jacksonville,US,00:00:00
e84c4578946f8ec372b35ba2fa97496a7a77b64b030e1bd186dd7d0fe4bffd18,FAMILY_DINING,Belleville,CA,00:00:00
14d44f66226b8663b3e543fcc5fc8ee7d63f28c6f6c039b1360c15730c6dbad9,FAST_CASUAL,Red Deer,CA,00:00:00
3e3a5b964afd6747f7426bc305e146cb47f359cfa622192879f43523b32a29fe,BAR,Bolton Landing,US,05:00:00
a4a642871b00a390e1833a76214768426414a69251583c86b0ad2ac7858b11d9,FAST_CASUAL,Greensboro,US,00:00:00
562a5afc658b1fcf3a48a48b912305774832ab736ece982418aa9c9bb9561200,FAMILY_DINING,Ottawa,CA,00:00:00
024dc48f076f9614ca2ce951a57140816c476833089c925ef6ff18957a6798aa,BAR,Salem,US,00:00:00
4b36e89eec0f56d8d8bb5cdac050ac12b169e43453d0eeea758dd940f129a366,BAR,Manquin,US,00:00:00
1fba23fbdd499646399a75417304d971f5fdea72bce5ba4b0d9e6086ac093892,FAST_CASUAL,Vancouver,CA,09:00:00
71887428c764ac67b3bd6ce9f4212ff7e7fe6803e507b5b11345d7c6a6c95a1e,,Highlands,US,00:00:00
3df7b3194d55f4736680f95bd800d84ab11a6492f8e6b2d130b5a9613e37fecc,FINE_DINING,Keene,US,00:00:00
21983baab13c2ca7dfd9c41c1a3af4774cda251551c86b82d7388219e3d5f26a,FAST_CASUAL,Austin,US,06:00:00
dc90f2fdefc58230d2157a853bb7feb45c16930cbf58e587ada62ad2e1251929,FAMILY_DINING,Richmond,US,00:00:00
5204405c781f3795694e253b4b56d29f5d31205ba78dc53b79c56920987f4d00,BREWERY,Canmore,CA,04:00:00
598e5a3202f18b1ef7f100e56e3a7c7eec433d59e7e41c4045a3807b3e63b55e,BAR,Merrill,US,05:00:00
986134638a28920d4908789622d54c4b2a4444fb14536b80a32fb1917c5daeb7,FAST_FOOD,Red Earth Creek,CA,00:00:00
ff45d2771ed5442c59f7fb0013f691ca820619fea4964f305eb331466a65a9a5,CAFE,Forney,US,00:00:00
2c30a139ceef3ac9113ac6b9d1d282bd11d00dbfbda5e48d76f11ab499441698,BAR,Toronto,CA,06:00:00
0b7f2ce844982b91e694ce8e0f300e8d686c40e345d4d02b721f888156e0cc75,FAST_FOOD,Toledo,US,00:00:00
2a2665083399ee7a493c98ba7a96ea46eaad1b67cedfd9c0dd8a77f813f70054,FAMILY_DINING,Sargents,US,00:00:00
a882cc8276e2a970814a36c2e8cf4ee6ba97e1084e8bdc4e59b05fe9b93e53b3,FAST_CASUAL,Jacksonville,US,00:00:00
9b19b72eeb7dd2f0a536df30c5713bcd8d776b3ca952ae85980a9d933564c4e5,,Edmonton,CA,10:00:00
c027dd7b42f454d65ff27f572f0a23ecc72db4fb6f82098d95314583180bf479,FAMILY_DINING,Richmond Hill,CA,11:00:00
d3c6a6777c61f9da1204c923c6f7a80a121d1c87b9a50633124a5c6af62a10f0,FAMILY_DINING,Welland,CA,00:00:00
45f1736264898588301e2983fd2de6969a9af33aa0f6f8ec588d258c1971c817,FAMILY_DINING,Edmonton,CA,00:00:00
babd41962af2c0f1a0bb2105e06f0ab3bdd8259e879797e2b6ce480321548248,CAFE,St. Catharines,CA,04:00:00
a764f2ce24df741df79eb20ca0c81a9b81f48a0494050146c0f6569ecf26749a,,Toronto ,CA,08:00:00
b2dec6f33d5cfc3f3645f5d0eb96960dca6c6cae15eea14a6208ae8650dc48a4,,Waterville,US,00:00:00
40ed74672b343e07c66b111deb5c03c0e3d778e0d96bec007148d7ff6c7d8ae3,,Buffalo Grove,US,00:00:00
b82e0c6d7fe6bf3c5f4b42e58e19cb27043ef04e517fb8a777a0b750c8695896,FAMILY_DINING,London,CA,00:00:00
479c8ed7c15efc4d0730fcade9984e5ed56e5a20c62631cec6b42cf81d16363b,FAMILY_DINING,Kingston,US,00:00:00
2ba1f33466b6207e315ca20f1723c44a65813b339164b15676a58ec6cd8920bb,,Toronto,CA,09:00:00
29c256e55d7f25baf6d4c7fdb104cbec6ffff407da026754cd0779ea4917d55d,,Calgary,CA,00:00:00
1bac1dcc4f5e0edf2e7a93709e309d0b0e365c89549741ed9628ff23d1d3708f,,East Moline,US,00:00:00
47cb5641288711d579bff008be98e623ef2ee8d37a22fba400b3cf7ad041e245,BAR,Guelph,CA,15:00:00
b51e90093bfe6ad769631333400d5f7cd3989fc42a17e38e54245ce6003a7de2,,Kimberley,CA,00:00:00
a79f66a91f813a7445bc43cdb7f97b8979a1b7b756f6a3a992dda5c934aabb70,FAMILY_DINING,Mississauga,CA,00:00:00
a6fb9d13b63442b38de9e68b8c28afc16830fb4af8e27a25ca73901b36f411ed,FAMILY_DINING,Windsor,CA,00:00:00
5abe8d9b48f43d688e4feadaf67c00a0365d7449f950cb6301ba548474eb4646,FAMILY_DINING,York,CA,00:00:00
e4a356e79068694fdc8794075b7eef1c8fd5a37be6471ead7d267c72ded5a1fd,,Windsor,CA,00:00:00
3ea1455995fb02a1c6fe922829f8b1aed73c54e38ead09f19c0d5c31aa3ae1af,,Orillia,CA,04:00:00
0d497212b54b228c655ea2a706c9ba3597d90640179205edc869070739b95f38,BAR,Toronto,CA,16:00:00
0ee3bed96d8d73c834d8734ff66932665042a7643c56bbe2c9114abb291b62f9,,Marfa,US,00:00:00
97bea3c9be4919e38eae02709089d1b85465e598990d84388606ffdb86b132e4,BAR,Hamilton,CA,00:00:00
05bce76981174b7f14c2f14d736e8d4876b489b00cb1a43f1bd669d12562cb22,BAR,Sacramento,US,23:00:00
7c785333370c0afb560724222fdb0f7aed3929acc9d821cbc303e9edc40cee1b,FAMILY_DINING,City Of Toronto,CA,00:00:00
5f3f3b323de0c25e82ab8790896effded8f7cfdb693544f5bff6dc55630be4dc,FAMILY_DINING,San Francisco,US,10:00:00
65fa795e579dafef5f3d216799719eed32f1d4c21bce563c59202e12119d63a3,FAMILY_DINING,Saskatoon,CA,09:00:00
5e1724df469a13065141be3fa50af767c1f3d72a379d0a99fd8688f6e83d1ceb,FAMILY_DINING,Rancho Cordova,US,00:00:00
2cb303509a3e80c89062a290c933ede65e1588d879adc6b94d7dcfb6ee7adbeb,,Rochester,US,00:00:00
b42f56321ce19c822ef7d01b3ce547917d580bd9bd8d8b46250ad5daa45d6073,FINE_DINING,Denver,US,00:00:00
79f49be4f6e82dbba2a893ff9eb9c524fc0f7f91c827885adc73fe970f98cc18,CAFE,Vancouver,CA,00:00:00
c84afb49d751c022b8bef0abb1ab200d99dd3828ed44181fb36319508f2a8655,,Hinton,CA,00:00:00
90ee673e84d6d499d08479bc1fa01c2ad5423b510ae366b4109b9018ad4cfdd8,FAMILY_DINING,Grande Cache,CA,11:00:00
705a221fbfcbe31f575522e9d5e0d6b7e5ddd64d3adebf428c5fa39c61651e9f,,Dallas,US,00:00:00
af2e308510a24a6aed659bd55bac3ba3cdd76afa2189564cb1cd1d73d0e548df,FAMILY_DINING,San Diego,US,00:00:00
a0f62385b07885dab8c553521f2f6e42a2fd776528c2eba7268c4624c4175728,FAMILY_DINING,Hamilton,CA,04:00:00
9b72950d0baa89805cdfb688dc0cd276d715d887decf4d0fa16b258db2443c9e,BAR,Antigo,US,00:00:00
1f1f8ccf3e3dffb187f9bbb28ad8dd042f444c0f60f4cb50e98e1bae51392b38,FAMILY_DINING,Vancouver,CA,05:00:00
812df926876ad244a15064c2a7c48b4456009fa528054f97ba62a5637ec89f75,,Medicine Hat,CA,00:00:00
170001b39290b7a441ffcb0d42e50b55f313cdeefc6f366bf00a3f2c7a8dc3cc,,Edmonton,CA,06:00:00
3475226ba32089f8066953821a69084759beee18a926a2c66275bb28566af420,FAMILY_DINING,Vancouver,CA,00:00:00
d114d1b5103f18db640e6d57588b006903767ae4a76eca956a509affe88ee06e,,Carson City,US,06:00:00
f1aac3a0dc10125073ebdea9f6eb12fe53b47182c10bcfe5beade0a942a9a971,FAMILY_DINING,Cranston,US,00:00:00
b5c312c4d8cee94972412b9ea785976f9dbb2c26dd11480d9f2b9b4691df1571,BAR,Lindenhurst,US,09:00:00
9e8fe8923e849ad9424399ba80e5848ab99cf5235f6c88351e474c7e923fc502,BAR,Kaneohe,US,05:00:00
29461b69449de0c6b27c35c95c1865a02b8ffaa9a1b2a831f92d6f10f3ea4779,,Tacoma,US,04:00:00
806dd8b68e1ca258fe01fcf6407ead20ddb97bb61c8cec7b29a4ecb07cc19f38,,Delta ,CA,00:00:00
3cb864a9e3292c5416e2bb0df981b43c295bc32bb59532231c2d7b0cd1fe6e37,BAR,Bellingham,US,04:00:00
904ef33e4e741aa527de0fed541fe1220015b4a3b83c7ac8100035c3c5116474,FAMILY_DINING,Chino,US,00:00:00
7865f058a4125f8d784220c5d6eed16a294a774542c2a04026aaf12705f7c612,HOTEL,Jackpot,US,02:00:00
9223ca4ed49f566891865ec76d480bfce9b1a60eb70c6e23bc2313651d93248c,CAFE,London,CA,00:00:00
6dc2fe092a50cac446ee7a45aa9481a177021344cd5f15e6fba8773b02782306,BAR,Oshawa,CA,00:00:00
5ecd8484a784efe20ec0305a2a2e17446c5de10e3498bf77f9edabb88636e670,BAR,Cheney,US,03:00:00
f1f65daea3fd178dd76a4d8ad2ae56dc4bdb5a6d46221fb8a6461c6dde441e98,,Richmond,CA,00:00:00
0ebc7bbafaa0e8bcd1d152390927da6fd56dde54cab3b161f105a184ae73110b,,Toronto,CA,04:00:00
ac280071057c43a28522a011a227eb4e8ce38c3c5be9e30e249e7fe2b0f2405d,BAR,Bend,US,23:00:00
1903f120adc6a5a827f507bd785dd06af67c31c3d40075738e5c62e97451e34e,FAMILY_DINING,Santa Ana,US,06:00:00
79b2f3a3811b63088640eb5238f9870898ad972a9c938b8ab528939015f48e39,FAMILY_DINING,Solvang,US,03:00:00
572e6d624cd6187a2313986881c41d911458be8c4c649718339f470c463b4727,,Scaroborogh,CA,00:00:00
a27617bde01f7b2342f71f8874e76f892470c2f07115cea16673126829db882c,FINE_DINING,Plymouth,US,00:00:00
04160508f9f1b7d6aefc485372c5615dcec33c9d8cebf84d1129b31a1a08d8db,FAMILY_DINING,Calumet City,US,11:00:00
d021f3859d359c8fdcfa02baf7c02d2bcd63325231cef5dc46571dcef0697b51,FAMILY_DINING,Calgary,CA,03:00:00
7ce8f30b3190b6d00dd7e8fe94f0f29639457bc257c30fee4d82a1a4ff762839,BAR,Joliet Township,US,03:00:00
bb7fef3dc383023a62627a6a12a94afcc8c1c037e24f51d1af02ec67c8dc3db7,FAST_CASUAL,New York,US,07:00:00
71a04cb7d477cf01ab5c5622fcad0cc359e0bda092cfe5c6f966baaec6f275d2,FAMILY_DINING,Murray,US,00:00:00
33e9df2918cc2278b66a055c98232f8dd097d55cbc64b9a5b8bf5de7bf6eeec5,FAMILY_DINING,Brooklyn,US,00:00:00
d919054469d4fbaf10aed7bd9dc6c96024cb4340755e9c4bc0649cb2c02388fe,,Davison,US,12:00:00
53c37b193eb69d2f0c6529947c33de849e67ba98a8075dbb10507a37e05260cb,FAST_FOOD,London,CA,00:00:00
a79e801475743a3f5adb6ffca40ff23b6834c1982103eb9552ad66484bfcd1c5,FAMILY_DINING,Squamish,CA,00:00:00
1129055a09e8f90dd3136dced0f958fca46bccf111fea0923492c185230c7c82,FAST_CASUAL,Mississauga,CA,01:00:00
4455926eaa0e184ea9dcc5e09c18a1008636a35cdbd83d2730186414a75bb3c3,BAR,Calgary,CA,12:00:00
6f18896aa93c4f02dfdf5d4109d29841e4c381a4383a23830b9e997c453fb4cf,BAR,Gibbons,CA,00:00:00
1c714d037aca626a36f1a0446923381e87465b93221a549c85357012039c804b,BAR,Toronto,CA,04:00:00
582342cbe657c3bf1540b3b7f23e70feb5b9dc9adc475e52b1e3dc8f1a8ae03a,BAR,Statesboro,US,15:00:00
671af7f97cd71d19b40a40286ba0265798786f8e6d27d5439d27ce0dcba61cc3,,Petit Rocher,CA,00:00:00
02fb2dffd171aaf222786c8ad2692aa4fcd35591c443cb2f7cfe76ddaac81a04,CAFE,Comox,CA,00:00:00
77ef1033c7249d619411ef17a85a8fbe51f2447741e6405f43391f0b831d9213,,Bathurst,CA,12:00:00
3a76fe0540b6219cc73461ac53d5b57b2dc20f4e8a413512fef355ca5b8b9ae1,CAFE,Unity,CA,00:00:00
49e83076c7276d040bfa1ec4705e6e5040566f5b6fa343fd2b7b6105f242ebef,BREWERY,White Rock,CA,00:00:00
3ef11c0000d30654207fac7c1be9ed1aa5683e886351c48946963ea52d038365,BAR,Coboconk,CA,00:00:00
748fa11184636bc3a5de05eca1b969ace3d55e60f8bca3ec735045f06967a9f0,,Sherwood Park,CA,00:00:00
29a70687c36ffcfc53be32d7aa62ac7dbc1c5e3e0782f8daa40893e67ffec5a7,FAST_CASUAL,San Francisco,US,00:00:00
cfd1fa6e8f122e93b1cb02e7b7541749335e7088095f8ec29e9b9217f486385f,,Toronto,CA,00:00:00
75e7251298f2d62406dbfe1a11011cffdad90b27704687fc9877610aec937e85,,Richardson,US,00:00:00
40c38939612f59ad418569e94a075935576bff0449c7f80f130629fc296a378e,FAST_CASUAL,Guelph,CA,09:00:00
2ed5bf26505a6064d09b40bacdb6fccc9665c3de029494257a3311c8a6f72e1c,, Mississauga,CA,00:00:00
5ece4507d7aec26fdcca66082fcc77457f79cea602c1a82122c7ea496d37c493,BAKERY,Ottawa,CA,00:00:00